groupid,unitid_linchpin,unitid,isgrouped,instname,TCSName,city,state,zip,ansi_code,control,medical,hospital,fte_count,fte12mn,tuition03,tot_rev_w_auxother_sum,unrestricted_revenue,tuition_discount,any_aid_num,any_aid_pct,fed_grant_num,fed_grant_pct,fed_grant_avg_amount,state_grant_num,state_grant_pct,state_grant_avg_amount,inst_grant_num,inst_grant_pct,inst_grant_avg_amount,loan_num,loan_pct,loan_avg_amount,fee01_tf,tuition02_tf,tuition03_tf,fee05_tf,tuition06_tf,tuition07_tf,total01,assets06,liabilities07,assets11,land04,buildings05,equipment05,assets15,endow02m,assets16,associatedegrees,bachelordegrees,masterdegrees,doctordegrees,firstprofdegrees,awardslessthan1yr,awards1yrto2yr,awards2yrto4yr,postbacccertificates,postmastcertificates,firstprofcertificates,postmastFPcert,totaldegrees,grad_rate_150_n,grad_rate_150_p,ugentering,fall_total_undergrad,total_full_time_undergraduates,total_full_time_graduates,total_full_time_postbacc,total_full_time,total_part_time_undergraduates,total_part_time_graduates,total_part_time_postbacc,total_part_time,total_undergraduates,total_graduates,total_postbacc,total_enrollment,total_enrollment_amin_tot,total_enrollment_asian_tot,total_enrollment_black_tot,total_enrollment_hisp_tot,total_enrollment_white_tot,total_enrollment_multi_tot,total_enrollment_unkn_tot,total_enrollment_nonres_tot,ftall03ug,ftall04ug,ftall05ug,ftall06ug,ftall08ug,ftall09ug,ftall10ug,ftall11ug,ftall12ug,ftall13ug,ftall14ug,ftall03gr,ftall04gr,ftall05gr,ftall06gr,ftall08gr,ftall09gr,ftall10gr,ftall11gr,ftall12gr,ftall13gr,ftall14gr,ftall03,ftall04,ftall05,ftall06,ftall08,ftall09,ftall10,ftall11,ftall12,ftall13,ftall14,ptall03ug,ptall04ug,ptall05ug,ptall06ug,ptall08ug,ptall09ug,ptall10ug,ptall11ug,ptall12ug,ptall13ug,ptall14ug,ptall03gr,ptall04gr,ptall05gr,ptall06gr,ptall08gr,ptall09gr,ptall10gr,ptall11gr,ptall12gr,ptall13gr,ptall14gr,ptall03,ptall04,ptall05,ptall06,ptall08,ptall09,ptall10,ptall11,ptall12,ptall13,ptall14,applcn,applcnm,applcnw,admssn,admssnm,admssnw,enrlt,enrlm,enrlw,applicantcount,admitcount,enrollftcount,enrollptcount,actcm25,actcm75,acten25,acten75,actmt25,actmt75,satmt25,satmt75,satvr25,satvr75,ftall1,ptall1,ft_faculty_per_100fte,pt_faculty_per_100fte,all_employees,ft_faculty_salary,full_time_employee_100fte,full_time_faculty_share,faculty_instr_headcount,LONGITUD,LATITUDE
-238166,238166,238166,0,Advanced Institute of Hair Design,,Glendale,Wisconsin,53217,55,3,2,2,88,151,831252,1416265,831252,0.021987316,39,87,29,64,7684,0,0,,8,18,100,36,80,8894,,,,,,,1703747,,,,,,,,,,,,,,,,,45,,,,,,26,0.764705882,,,88,,,88,,,,,88,,,88,2,2,23,3,58,,0,0,,34,27,11,9,3,1,,,,3,,,,,,,,,,,,,34,27,11,9,3,1,,,,3,,,,,,,,,,,,,,,,,,,,,,,,0,0,0,0,0,0,,,,0,121,9,112,94,9,85,81,4,77,121,94,81,0,,,,,,,,,,,6,1,6.818181818,1.136363636,29,,11.36363636,0.857142857,,-87.916376,43.12092,
-238175,238175,238175,0,Advanced Institute of Hair Design,,Greenfield,Wisconsin,53228,55,3,2,2,145,192,1439868,2898265,1439868,0.061777191,59,76,31,40,7451,0,0,,8,10,100,55,71,8344,,,,,,,2544365,,,,,,,,,,,,,,,44,,79,,,,,,78,0.928571429,,,145,,,145,,,,,145,,,145,3,0,7,1,133,,1,0,,50,40,24,18,5,2,,,,6,,,,,,,,,,,,,50,40,24,18,5,2,,,,6,,,,,,,,,,,,,,,,,,,,,,,,0,0,0,0,0,0,,,,0,208,6,202,175,6,169,127,6,121,208,175,127,0,,,,,,,,,,,10,1,6.896551724,0.689655172,36,,11.72413793,0.909090909,,-88.047893,42.96931,
-238193,238193,238193,0,Alverno College,Alverno College,Milwaukee,Wisconsin,53234-3922,55,2,2,2,2293.24477,2151,45262869,43528729,48931321,0.256480494,231,100,134,58,4510,143,62,2722,227,98,7318,219,95,5528,450,18624,18624,450,7536,7536,41637311,69186821,17764356,51422465,6084583,,,51422465,,28537670,5,342,127,,,,,,29,2,,2,474,101,0.367272727,540,2387,1720,239,239,1959,667,189,189,856,2387,428,428,2815,33,128,466,325,1822,,4,37,11,371,502,425,197,99,45,57,12,,1,,,1,18,71,49,35,43,21,,1,11,371,503,443,268,148,80,100,33,,2,4,13,37,139,178,111,57,93,35,,0,,,0,6,53,22,20,49,29,,10,4,13,37,145,231,133,77,142,64,,10,525,0,525,446,0,446,235,0,235,525,446,229,6,17,22,,,,,,,,,118,138,5.145547547,6.017674249,527,53445.5339,15.61106798,0.4609375,118,-87.96782,42.982762,
-238263,238263,238263,0,Madison Area Technical College,Madison Area Technical College,Madison,Wisconsin,53704,55,1,2,2,9504.941998,9983,36074027,208721334,147641582,,1024,63,553,34,4247,273,17,958,200,12,1469,845,52,5807,300,3042,4560,300,3042,4560,220633493,182932892,93830067,89102825,6460787,,,89102825,,,1246,,,,,1720,399,69,25,,,,1246,,,5580,16563,5916,12,12,5928,10654,28,28,10682,16570,40,40,16610,114,602,1008,720,12257,166,1743,0,81,2160,1345,878,739,291,155,180,86,1,,,,,4,3,0,2,2,1,,,81,2160,1345,882,742,291,157,182,87,1,,470,1111,1223,1688,1968,1235,847,1345,738,29,,,,,3,5,5,4,5,6,,,470,1111,1223,1691,1973,1240,851,1350,744,29,,,,,,,,,,,,,,,,,,,,,,,,,405,1372,4.260941309,14.43459624,2770,92789.30864,8.784903687,0.227912212,405,-89.326778,43.120803,
-238315,238315,238315,0,Bellin Health School of Radiologic Technology,,Green Bay,Wisconsin,54305-3400,55,2,2,2,13,13,46188,47688,47688,,0,0,0,0,,0,0,,0,0,,0,0,,150,4500,4500,,,,146138,,,,,,,,,,,,,,,,,5,,,,,,1,1,,12,13,,,13,,,,,13,,,13,0,0,0,0,13,0,0,0,,,3,9,1,,,,,,,,,,,,,,,,,,,,3,9,1,,,,,,,,,,,,,,,,,,,,,,,,,,,,,,,0,0,0,,,,,,,,,,,,,,,,,,,,,,,,,,,,,,1,,7.692307692,,2,,15.38461538,1,,-88.010642,44.502025,
-238324,238324,238324,0,Bellin College,,Green Bay,Wisconsin,54311,55,2,2,2,274.147816,228,5942616,7456004,7526725,0.066747708,0,0,0,0,,0,0,,0,0,,0,0,,339,18500,18500,500,19500,19500,5825144,27758711,8725042,19033669,1517663,,,19033669,,9192678,,69,10,,,,,,,,,,79,29,0.90625,54,274,248,6,6,254,26,26,26,52,274,32,32,306,6,3,4,2,290,0,1,0,,74,91,59,12,7,1,4,,,0,,,,0,0,2,0,3,1,,,,74,91,59,12,9,1,7,1,,0,,0,4,8,5,5,2,1,,,1,,,,1,5,2,4,10,4,,,,0,4,9,10,7,6,11,4,,1,102,8,94,42,3,39,42,3,39,102,42,42,0,21,26,19,25,20,27,,,,,20,6,7.295334426,2.188600328,53,58961.6,15.3202023,0.769230769,20,-87.913867,44.4661,
-238333,238333,238333,0,Beloit College,Beloit College,Beloit,Wisconsin,53511-5595,55,2,2,2,1369.964277,1292,43075605,60802262,71412635,0.481921403,315,95,69,21,6011,30,9,2860,311,94,18663,262,79,5431,230,33188,33188,,,,46238483,215529799,76147477,139382322,5485625,,,139382322,,66557187,,314,,,,,,,,,,,314,250,0.773993808,422,1407,1346,,,1346,61,,,61,1407,,,1407,8,39,48,58,1017,,134,103,3,530,595,196,16,3,2,1,0,,,,,,,,,,,,,,3,530,595,196,16,3,2,1,0,,,31,12,1,3,2,1,2,4,5,,,,,,,,,,,,,,31,12,1,3,2,1,2,4,5,,,1962,877,1085,1429,581,848,335,137,198,1962,1429,335,0,25,30,24,32,22,28,560,670,575,710,123,12,8.978336302,0.875935249,420,59321.30081,28.39490099,0.911111111,123,-89.029602,42.503008,
-238397,238397,238397,0,Blackhawk Technical College,Blackhawk Technical College,Janesville,Wisconsin,53547-5009,55,1,2,2,2277.208044,2367,8680490,39035002,34597972,,335,66,232,45,4554,126,25,1094,0,0,,242,47,3195,152,3042,4563,,,,39139201,47672898,21706705,25966193,1793288,,,25966193,,,359,,,,,457,155,34,,,,,359,142,0.406876791,787,3348,1736,,,1736,1612,,,1612,3348,,,3348,14,25,218,118,2894,,79,0,4,345,229,174,207,154,167,298,156,2,0,,,,,,,,,,,,4,345,229,174,207,154,167,298,156,2,0,36,128,161,252,294,215,168,240,116,0,2,,,,,,,,,,,,36,128,161,252,294,215,168,240,116,0,2,,,,,,,,,,,,,,,,,,,,,,,,109,340,4.786563102,14.93056381,785,70197.89908,9.79269332,0.242761693,109,-89.011387,42.59344,
-238421,238421,238421,0,Lakeside School of Massage Therapy,,Milwaukee,Wisconsin,53212,55,2,2,2,72.661726,106,1078181,1302267,1079901,,40,71,40,71,3973,0,0,,0,0,,40,71,10974,,,,,,,1177393,,,,,,,,,,,,,,,70,,,,,,,,,,,,54,,,54,47,,,47,101,,,101,1,3,19,6,69,0,3,0,,2,5,17,10,9,3,4,4,,,,,,,,,,,,,,,2,5,17,10,9,3,4,4,,,,6,1,6,6,10,6,8,4,,,,,,,,,,,,,,,6,1,6,6,10,6,8,4,,,,,,,,,,,,,,,,,,,,,,,,,,1,11,1.376240361,15.13864397,24,,9.633682525,0.083333333,,-87.911201,43.052913,
2051,238430,238430,1,Cardinal Stritch University,Cardinal Stritch University,Milwaukee,Wisconsin,53217-3985,55,2,2,2,5218.889948,5444,54198510,51950942,58639506,0.189163927,228,89,109,43,4736,64,25,2774,145,57,12562,207,81,6987,510,21280,21280,360,9100,9100,53547256,79574447,22503296,57071151,199763,,,57071151,,36594946,203,547,694,22,,,,,0,0,,0,1466,73,0.525179856,622,3046,2857,1705,1705,4562,189,1525,1525,1714,3046,3230,3230,6276,22,104,1008,206,4151,,642,143,1,202,273,369,563,444,346,480,176,1,2,,,1,109,507,314,246,349,143,4,32,1,202,274,478,1070,758,592,829,319,5,34,7,9,11,34,56,21,20,22,9,0,0,,,0,46,197,216,228,427,362,10,39,7,9,11,80,253,237,248,449,371,10,39,1033,329,704,421,146,275,173,74,99,1033,421,172,1,20,25,19,25,18,25,463,518,453,553,103,350,1.97359977,6.917179776,788,51745.32039,7.49201466,0.221982759,103,-87.906213,43.140325,
2176,238458,238458,1,Carroll University,Carroll College (WI),Waukesha,Wisconsin,53186,55,2,2,2,3008.440001,3198,64781058,56839116,69046502,0.384886798,729,100,181,25,4098,237,32,2696,729,100,10805,563,77,6935,467,22470,22470,0,3622,3622,50504183,120960866,25167735,95793131,10172891,,,95793131,,54673830,,583,51,,33,,,,7,,,,667,355,0.576298701,924,3118,2632,124,124,2756,486,161,161,647,3118,285,285,3403,14,42,69,122,2722,,378,56,8,1221,988,312,77,16,3,7,0,0,,,,,56,34,5,8,13,8,0,0,8,1221,988,368,111,21,11,20,8,0,0,27,17,32,80,102,67,58,76,23,4,,,,,15,43,22,15,29,11,1,25,27,17,32,95,145,89,73,105,34,5,25,3370,1280,2090,2333,865,1468,984,342,642,3370,2333,920,64,21,26,21,26,21,26,,,,,115,1,3.822579143,0.033239819,373,56084.02609,11.40125779,0.99137931,115,-88.226758,43.004096,
-238476,238476,238476,0,Carthage College,Carthage College,Kenosha,Wisconsin,53140-1994,55,2,2,2,2728.431743,3228,74775722,73262958,82508904,0.368927431,697,97,237,33,5107,124,17,2513,689,95,11280,691,96,8405,0,28250,28250,0,28250,28250,58587381,178464008,54399551,124064457,10379678,,,124064457,,38933634,,461,30,,,,,,,,,,491,336,0.580310881,887,3031,2475,1,1,2476,556,89,89,645,3031,90,90,3121,13,70,109,142,2422,,352,13,9,1253,1011,152,30,2,4,6,0,0,8,,,,1,0,0,0,0,0,,0,9,1253,1011,153,30,2,4,6,0,0,8,17,1,14,61,104,79,80,112,63,4,21,,,,10,36,6,12,17,7,,1,17,1,14,71,140,85,92,129,70,4,22,6338,2776,3562,4748,2097,2651,728,371,357,6338,4748,722,6,21,26,21,27,20,27,500,610,490,600,145,125,5.31440819,5.021199462,481,61460.03448,12.46137093,0.514184397,145,-87.824856,42.619988,
-238616,238616,238616,0,Concordia University-Wisconsin,Concordia University-Wisconsin,Mequon,Wisconsin,53097-2402,55,2,2,2,5598.97666,4676,69422732,72055867,79037485,0.242262145,462,99,133,28,4764,148,32,2667,462,99,10566,394,84,8867,90,20900,20900,0,7830,7830,54921995,148214839,30733344,117481495,17340809,,,117481495,,42408418,20,580,531,,41,,21,,102,,,,1172,218,0.600550964,1052,4087,2330,2262,2262,4592,1757,829,829,2586,4087,3091,3091,7178,62,93,667,124,3590,,2326,316,8,796,721,285,140,109,108,128,34,0,1,,,5,225,693,420,280,437,199,0,3,8,796,726,510,833,529,388,565,233,0,4,30,9,18,122,282,282,312,490,195,10,7,,,1,48,187,172,120,178,118,2,3,30,9,19,170,469,454,432,668,313,12,10,2538,1061,1477,1616,670,946,471,204,267,2538,1616,468,3,19,25,19,25,19,25,,,,,110,667,1.964644732,11.91289124,1050,61933.63636,5.929655009,0.141570142,110,-87.917733,43.250549,
-238661,238661,238661,0,Edgewood College,Edgewood College,Madison,Wisconsin,53711-1997,55,2,2,2,1970.320089,2256,41968015,50551807,52559580,0.199332301,282,99,94,33,4890,128,45,2737,275,96,9029,212,74,7466,0,21042,21042,0,12384,12384,37439849,109565803,23161068,86404735,710710,,,86404735,,22854340,,433,93,20,,,,,,,,,546,170,0.570469799,481,1888,1514,92,92,1606,374,569,569,943,1888,661,661,2549,19,59,85,95,2082,,172,37,2,504,501,311,121,37,18,13,6,,1,,,1,19,29,19,11,11,2,0,0,2,504,502,330,150,56,29,24,8,0,1,4,3,17,97,93,69,24,50,16,,1,,,0,17,132,78,81,145,111,3,2,4,3,17,114,225,147,105,195,127,3,3,1210,336,874,876,224,652,287,72,215,1210,876,285,2,20,25,19,25,19,25,430,580,440,570,104,194,5.278330185,10.04912862,524,56462.68269,15.07369293,0.344370861,104,-89.421706,43.060524,
-238722,238722,238722,0,Fox Valley Technical College,Fox Valley Technical College,Appleton,Wisconsin,54912-2277,55,1,2,2,5497.891342,6245,23024392,119675597,90145789,0.591390513,310,69,182,40,4355,98,22,1478,52,12,1004,234,52,3944,455,3042,4563,,,,129347055,128720179,75228253,53491926,7723583,,,53491926,,,852,,,,,1079,344,,,,,,852,173,0.462566845,5545,10286,3092,,,3092,7166,,,7166,10258,,,10258,105,262,133,228,7987,7,1498,38,8,956,666,426,369,186,142,204,129,4,2,,,,,,,,,,,,8,956,666,426,369,186,142,204,129,4,2,1123,752,694,801,950,732,523,962,579,48,2,,,,,,,,,,,,1123,752,694,801,950,732,523,962,579,48,2,,,,,,,,,,,,,,,,,,,,,,,,301,642,5.474826279,11.67720422,1484,73252.01329,12.1683016,0.319194062,301,-88.456544,44.278499,
-238759,238759,238759,0,Gateway Technical College,Gateway Technical College,Kenosha,Wisconsin,53144-1690,55,1,2,2,4286.42836,4940,18406370,91432148,82260673,0.003258817,362,64,248,44,4406,140,25,951,0,0,,262,46,3694,192,3042,4563,,,,95562920,82721402,42064881,40656521,5084263,,,40656521,,,661,,,,,1074,374,0,,,,,661,170,0.374449339,2638,8458,2178,,,2178,6280,,,6280,8458,,,8458,45,140,939,832,6367,,135,0,11,554,465,294,290,165,123,186,90,0,0,,,,,,,,,,,,11,554,465,294,290,165,123,186,90,0,0,352,618,737,892,1096,724,558,841,452,8,2,,,,,,,,,,,,352,618,737,892,1096,724,558,841,452,8,2,,,,,,,,,,,,,,,,,,,,,,,,267,1,6.228962147,0.023329446,590,76935.04869,12.80786599,0.996268657,267,-87.845864,42.605998,
-238786,238786,238786,0,Gill-Tech Academy,,Appleton,Wisconsin,54914-8613,55,3,2,2,116,156,1287600,1631114,1304365,0.006795589,137,88,92,59,3010,0,0,,19,12,263,100,65,6998,,,,,,,1246119,,,,,,,,,,,,,,,37,,44,,,,,,77,0.987179487,,,116,,,116,,,,,116,,,116,1,0,5,2,108,0,0,0,,46,23,9,15,14,2,4,,,3,,,,,,,,,,,,,46,23,9,15,14,2,4,,,3,,,,,,,,,,,,,,,,,,,,,,,,0,0,0,0,0,0,0,,,0,,,,,,,,,,,,,,,,,,,,,,,,6,7,5.172413793,6.034482759,28,,12.06896552,0.461538462,,-88.485809,44.261764,
-238810,238810,238810,0,The Salon Professional Academy,,Eau Claire,Wisconsin,54701-7633,55,3,2,2,72.367638,108,482329,784244,491366,,47,68,35,51,5702,0,0,,0,0,,41,59,4450,,,,,,,707331,,,,,,,,,,,,,,,14,,51,,,,,,32,0.864864865,,,68,,,68,11,,,11,79,,,79,2,1,0,0,76,,0,0,1,37,11,8,7,2,1,1,0,,,,,,,,,,,,,,1,37,11,8,7,2,1,1,0,,,0,2,1,2,2,3,0,0,1,,,,,,,,,,,,,,0,2,1,2,2,3,0,0,1,,,,,,,,,,,,,,,,,,,,,,,,,,4,2,5.527332535,2.763666268,9,,8.290998803,0.666666667,,-91.461192,44.783625,
-238892,238892,238892,0,ITT Technical Institute-Greenfield,,Greenfield,Wisconsin,53220-4612,55,3,2,2,1116.428532,1282,22335839,22308882,22335839,0.001206894,185,98,145,77,4620,0,0,,28,15,2406,175,93,11140,300,16848,16848,,,,9055780,4613943,3303236,,,,,,,,196,61,,,,,,,,,,,257,3,1,245,1284,1008,,,1008,276,,,276,1284,,,1284,18,48,320,172,701,1,23,1,4,78,191,198,246,144,71,56,20,,,,,,,,,,,,,,4,78,191,198,246,144,71,56,20,,,1,6,33,49,66,55,28,28,10,,,,,,,,,,,,,,1,6,33,49,66,55,28,28,10,,,576,398,178,308,208,100,308,208,100,576,308,268,40,,,,,,,,,,,18,93,1.612284126,8.330134651,157,45468.38889,5.553423101,0.162162162,18,-87.992462,42.959433,
2491,238935,238935,1,DeVry University-Wisconsin,,Milwaukee,Wisconsin,53202-4400,55,3,2,2,166.984921,277,4022650,3968821,4022650,0.04422607,14,93,13,87,4567,0,0,,2,13,1250,14,93,8451,80,14080,14080,0,7980,7980,4838297,844863,53541,,,,,,,,,18,52,,,,,,,,,,70,2,0.666666667,81,189,55,7,7,62,134,137,137,271,189,144,144,333,1,12,108,13,168,0,28,3,,3,5,10,17,9,5,5,1,,,,,,0,0,5,0,2,0,,,,3,5,10,17,14,5,7,1,,,,12,8,16,36,23,19,18,2,,,,,,3,22,41,26,38,7,,,,12,8,19,58,64,45,56,9,,,29,19,10,25,16,9,21,14,7,29,25,9,12,,,,,,,,,,,1,28,0.598856468,16.7679811,54,37730,11.37827289,0.034482759,1,-87.906381,43.03873,
-238980,238980,238980,0,Lakeland College,Lakeland College,Plymouth,Wisconsin,53073,55,2,2,2,2266.152756,2592,29930114,32113020,33331168,0.21106104,151,99,77,51,4930,73,48,2795,151,99,8223,125,82,7154,810,18160,18160,0,8610,8610,34043368,49058994,23288372,25770622,2692041,,,25770622,,15442280,,510,241,,,,,,,,,,751,83,0.436842105,662,3017,1060,142,142,1202,1957,773,773,2730,3017,915,915,3932,41,67,189,82,2585,,816,152,5,297,336,178,98,58,35,33,11,,9,,,,34,37,17,16,21,6,0,11,5,297,336,212,135,75,51,54,17,0,20,264,18,20,130,349,334,240,436,113,,53,,,,67,204,132,112,156,58,2,42,264,18,20,197,553,466,352,592,171,2,95,687,375,312,628,332,296,159,89,70,687,628,150,9,18,23,18,23,18,23,490,600,480,620,58,325,2.559403811,15.17991226,604,57167.80702,10.19348759,0.144278607,57,-87.882093,43.840906,
-239008,239008,239008,0,Lakeshore Technical College,Lakeshore Technical College,Cleveland,Wisconsin,53015-1414,55,1,2,2,1786.553321,2056,7322139,39773072,33227429,,119,69,77,45,4179,41,24,1170,13,8,1398,83,48,3671,167,3042,4563,,,,39170259,37715355,24130368,13584987,3262107,,,13584987,,,314,,,,,494,248,,,,,,314,39,0.367924528,683,3137,1104,,,1104,2033,,,2033,3137,,,3137,10,131,23,78,2866,0,29,0,13,274,123,115,143,128,82,147,79,0,,,,,,,,,,,,,13,274,123,115,143,128,82,147,79,0,,184,155,185,247,340,240,216,304,158,4,,,,,,,,,,,,,184,155,185,247,340,240,216,304,158,4,,,,,,,,,,,,,,,,,,,,,,,,,102,141,5.709317421,7.89229173,474,71959.84314,13.37771435,0.419753086,102,-87.735315,43.921553,
-239017,239017,239017,0,Lawrence University,Lawrence University,Appleton,Wisconsin,54911,55,2,2,2,1452.64285,1514,49136396,64090543,75281095,0.400699779,334,96,76,22,5308,65,19,2905,334,96,16356,225,65,6691,270,34326,34326,,,,53872397,310768016,65078603,245689413,7621856,,,245689413,,175851467,,310,,,,,,,,,,,310,248,0.731563422,419,1483,1433,,,1433,50,,,50,1483,,,1483,5,40,39,35,1028,,206,130,13,631,608,170,8,3,,0,,,,,,,,,,,,,,,13,631,608,170,8,3,,0,,,,15,9,7,12,2,1,,4,,,,,,,,,,,,,,,15,9,7,12,2,1,,4,,,,2516,1162,1354,1739,786,953,352,172,180,2516,1739,352,0,,,,,,,,,,,157,32,10.80788716,2.202881458,486,60858.92994,28.22441869,0.830687831,157,-88.38269,44.28154,
-239071,239071,239071,0,Maranatha Baptist Bible College Inc,Maranatha Baptist Bible College Inc,Watertown,Wisconsin,53094,55,2,2,2,797.654452,835,11033635,15852845,11769509,0.039254969,158,81,82,42,4773,18,9,2006,81,41,2678,103,53,6490,1000,10000,10000,330,4000,4000,14328885,21964065,12781929,9182136,499957,,,9182136,,117000,12,133,17,,,,,,,,,,162,105,0.479452055,241,792,740,25,25,765,52,32,32,84,792,57,57,849,0,9,6,12,786,16,18,2,8,144,321,229,25,9,1,0,0,0,3,,,4,13,6,1,0,0,1,,,8,144,325,242,31,10,1,0,1,0,3,1,1,10,20,4,2,1,1,2,1,9,,,0,9,3,4,3,4,9,,,1,1,10,29,7,6,4,5,11,1,9,474,218,256,237,109,128,199,87,112,474,237,198,1,20,26,20,27,17,25,430,590,490,630,46,30,5.7669082,6.143010909,187,37597.43478,13.41432994,0.484210526,46,-88.73565,43.19548,
-239080,239080,239080,0,Marian University,Marian College of Fond du Lac,Fond Du Lac,Wisconsin,54935-4699,55,2,2,2,2060.920403,2393,36482279,32554820,39052062,0.274426058,315,100,169,53,4992,176,56,3103,311,98,7858,303,96,7899,350,20550,20550,0,3420,3420,29993294,42619130,14729600,27889530,3639661,,,27889530,,2155604,,393,374,8,,,,,,,,,775,140,0.518518519,584,1985,1492,78,78,1570,493,778,778,1271,1985,856,856,2841,24,48,155,80,2460,,49,25,223,244,418,303,119,70,57,41,13,0,4,,,,1,16,11,14,25,11,,0,223,244,418,304,135,81,71,66,24,0,4,1,1,8,47,92,79,72,128,50,5,10,,,,17,227,149,109,195,78,,3,1,1,8,64,319,228,181,323,128,5,13,1016,305,711,844,264,580,319,89,230,1016,844,319,0,17,22,15,22,16,22,,,,,84,202,4.075848824,9.80144598,434,57889.84524,10.57779814,0.293706294,84,-88.421951,43.777407,
-239105,239105,239105,0,Marquette University,Marquette University,Milwaukee,Wisconsin,53233,55,2,1,2,10490.67644,10926,289183000,397081000,390891000,0.284335525,1926,99,360,18,5916,312,16,2828,1919,99,11749,1162,60,7557,416,28680,28680,0,15570,15570,330880000,1080458000,368664000,711794000,37860000,,,711794000,,374009000,,1670,638,62,387,,,,33,24,,24,2757,1459,0.809655938,2223,8081,7693,2050,2050,9743,388,1558,1558,1946,8081,3608,3608,11689,52,482,526,575,9198,,401,455,55,3485,3329,743,46,13,7,11,4,0,,,1,28,970,709,195,81,46,18,2,,55,3486,3357,1713,755,208,88,57,22,2,,14,45,56,73,58,28,26,51,34,3,,,0,4,224,522,315,185,210,92,6,,14,45,60,297,580,343,211,261,126,9,,17818,8062,9756,11676,5325,6351,1952,942,1010,17818,11676,1947,5,24,29,24,31,24,29,540,660,540,640,668,483,6.367558889,9.179579655,3185,83710.11324,20.1798236,0.409564684,627,-87.925906,43.037657,
-239132,239132,239132,0,Empire Beauty School-Madison,,Madison,Wisconsin,53717-1111,55,3,2,2,96.308798,162,1239441,1581396,1239441,0.001976698,152,96,133,84,9356,0,0,,38,24,101,133,84,15791,,,,,,,1518437,,,,,,,,,,,,,,,31,,53,,,,,,79,0.612403101,,,84,,,84,31,,,31,115,,,115,0,2,30,5,61,0,17,0,,7,12,21,25,8,5,5,,,1,,,,,,,,,,,,,7,12,21,25,8,5,5,,,1,,1,7,7,8,3,2,3,,,0,,,,,,,,,,,,,1,7,7,8,3,2,3,,,0,,,,,,,,,,,,,,,,,,,,,,,,6,2,6.229960424,2.076653475,14,,11.42159411,0.75,,-89.490802,43.055001,
-239169,239169,239169,0,Medical College of Wisconsin,,Milwaukee,Wisconsin,53226-0509,55,2,1,2,1130.421794,357,41974147,921663600,177797147,0.197944392,,,,,,,,,,,,,,,,,,150,30000,30000,811188000,1264315000,350052000,914263000,,,,914263000,,784514000,,,43,22,194,,,,8,,,,259,,,,,,1067,1067,1067,,166,166,166,,1233,1233,1233,7,156,46,46,836,,62,80,,,,,,,,,,,,,,6,308,650,82,10,10,0,1,,,,6,308,650,82,10,10,0,1,,,,,,,,,,,,,,,0,18,24,35,25,28,35,1,,,,0,18,24,35,25,28,35,1,,,,,,,,,,,,,,,,,,,,,,,,,1285,229,113.674383,20.25792507,5028,,391.1814177,0.848745046,,-88.020616,43.045769,
-239187,239187,239187,0,Affinity Health System Program in Radiologic Technology,,Oshkosh,Wisconsin,54903-3370,55,2,2,2,15,,,,,,,,,,,,,,,,,,,,0,7500,7500,,,,,,,,,,,,,,,,,,,,,,,,,,,,,,,15,,,15,,,,,15,,,15,0,0,0,0,15,,0,0,,,7,8,,,,,,,,,,,,,,,,,,,,,7,8,,,,,,,,,,,,,,,,,,,,,,,,,,,,,,,,0,0,,,,,,,,,,,,,,,,,,,,,,,,,,,,,,,3,,20,,5,,33.33333333,1,,-88.602978,44.0129,
-239220,239220,239220,0,Mid-State Technical College,Mid-State Technical College,Wisconsin Rapids,Wisconsin,54494,55,1,2,2,2094.61186,2564,8142791,35389577,31341839,0.034344735,226,77,153,52,4103,63,22,1280,19,7,738,166,57,4153,295,3042,4563,,,,39118898,41408443,28209672,13198771,2001159,,,13198771,,,400,,,,,490,116,8,,,,,400,58,0.302083333,752,3277,1497,,,1497,1780,,,1780,3277,,,3277,28,71,22,51,3013,0,92,0,17,471,261,208,205,89,81,105,60,0,,,,,,,,,,,,,17,471,261,208,205,89,81,105,60,0,,74,165,215,287,310,172,152,289,114,2,,,,,,,,,,,,,74,165,215,287,310,172,152,289,114,2,,,,,,,,,,,,,,,,,,,,,,,,,95,91,4.535446486,4.344480318,322,65541.89474,10.88507157,0.510752688,95,-89.786918,44.393058,
-239248,239248,239248,0,Milwaukee Area Technical College,Milwaukee Area Technical College,Milwaukee,Wisconsin,53233-1443,55,1,2,2,11468.64908,12441,43446145,257828845,221865356,0.026578077,879,68,693,54,3537,264,20,1089,3,0,1000,645,50,4124,395,3042,7292,,,,237025067,,,,,,,,,,1335,,,,,526,686,3,,,,,1335,179,0.17775571,3616,20215,7048,,,7048,13167,,,13167,20215,,,20215,224,725,5317,1794,10831,,1324,0,42,1743,1409,1149,1051,579,328,497,230,5,15,,,,,,,,,,,,42,1743,1409,1149,1051,579,328,497,230,5,15,110,971,1319,2074,2818,1805,1270,1687,970,62,81,,,,,,,,,,,,110,971,1319,2074,2818,1805,1270,1687,970,62,81,13086,6191,6895,6712,3393,3319,5334,2635,2699,13086,6712,2549,2785,,,,,,,,,,,580,1059,5.057265211,9.233868721,2736,87689.87931,11.80609844,0.353874314,580,-87.920298,43.043029,
-239309,239309,239309,0,Milwaukee Institute of Art & Design,,Milwaukee,Wisconsin,53202-6003,55,2,2,2,663.999996,723,18021003,15858049,20688294,0.356282111,171,97,58,33,5062,55,31,2933,171,97,10923,155,88,7428,1274,24950,24950,,,,14033376,23160872,12119996,11040876,1564520,,,11040876,,2334522,,129,,,,,,,,,,,129,80,0.559440559,225,681,653,,,653,28,,,28,681,,,681,5,20,27,60,516,,39,14,2,269,232,103,36,5,2,1,0,,3,,,,,,,,,,,,2,269,232,103,36,5,2,1,0,,3,0,0,2,12,6,3,1,2,1,,1,,,,,,,,,,,,0,0,2,12,6,3,1,2,1,,1,442,163,279,312,122,190,177,71,106,442,312,176,1,,,,,,,,,,,40,71,6.024096422,10.69277115,186,51583.8,16.41566275,0.36036036,40,-87.905728,43.030021,
-239318,239318,239318,0,Milwaukee School of Engineering,Milwaukee School of Engineering,Milwaukee,Wisconsin,53202-3109,55,2,2,2,2417.109459,2417,69384020,69356823,80607676,0.409322031,526,100,147,28,6096,189,36,2640,522,99,14686,429,82,7612,0,28665,28665,0,16281,16281,62200195,171464412,31659154,139805258,7207273,,,139805258,,65290104,,455,84,,,,,,,,,,539,276,0.613333333,680,2438,2246,25,25,2271,192,185,185,377,2438,210,210,2648,14,92,82,80,2204,,108,68,12,870,800,350,131,33,27,14,4,1,4,,,,10,6,2,2,3,2,,,12,870,800,360,137,35,29,17,6,1,4,4,3,6,31,34,39,37,29,7,0,2,,,,15,60,47,24,32,7,,,4,3,6,46,94,86,61,61,14,0,2,2126,1643,483,1427,1147,280,534,436,98,2126,1427,526,8,24,29,22,29,25,30,530,590,500,640,143,119,5.916157395,4.923235874,513,71920.29545,15.47302703,0.545801527,132,-87.908464,43.043874,
-239372,239372,239372,0,Moraine Park Technical College,Moraine Park Technical College,Fond du Lac,Wisconsin,54936-1940,55,1,2,2,3965.618175,3262,10367971,60912945,50251035,0.026460143,180,62,121,42,3528,65,22,845,20,7,671,146,50,3957,316,3030,18180,,,,60050865,77580391,33704069,43876322,2665933,,,43876322,,,421,,,,,456,556,86,,,,,421,38,0.358490566,2806,8466,1691,,,1691,6775,,,6775,8466,,,8466,58,76,122,219,7609,,382,0,0,327,364,234,209,134,121,168,133,1,0,,,,,,,,,,,,0,327,364,234,209,134,121,168,133,1,0,791,526,404,597,850,623,493,1109,979,385,18,,,,,,,,,,,,791,526,404,597,850,623,493,1109,979,385,18,,,,,,,,,,,,,,,,,,,,,,,,147,121,3.706862172,3.051226685,556,68214.11034,9.683231795,0.548507463,145,-88.421807,43.785324,
-239390,239390,239390,0,Mount Mary College,Mount Mary College,Milwaukee,Wisconsin,53222-4597,55,2,2,2,1517.830372,1478,25305809,25036198,28247938,0.255717926,157,100,104,66,5429,108,69,2959,157,100,9259,137,87,6308,430,20736,20736,240,10260,10260,20719433,39724033,10099937,29624096,516846,,,29624096,,9822089,,204,144,,,,,,26,3,,3,348,50,0.367647059,527,1441,921,336,336,1257,520,148,148,668,1441,484,484,1925,9,82,339,141,1171,,169,14,0,123,257,260,166,48,25,33,7,0,2,,,,59,124,40,35,49,22,0,7,0,123,257,319,290,88,60,82,29,0,9,27,87,9,40,88,66,53,83,53,1,13,,,,4,25,38,13,36,22,1,9,27,87,9,44,113,104,66,119,75,2,22,808,5,803,404,1,403,161,0,161,808,404,155,6,16,22,15,23,15,21,,,,,66,141,4.348311986,9.289575607,388,50616.92424,10.47547888,0.31884058,66,-88.035192,43.071584,
-239424,239424,239424,0,Nashotah House,,Nashotah,Wisconsin,53058-9793,55,2,2,2,93.787357,88,784568,4865528,4837460,0.687684178,,,,,,,,,,,,,,,,,,0,12000,12000,3776213,15827125,1721542,14105583,822997,,,14105583,,9678776,,,26,,2,,,,,4,,4,28,,,,,,85,85,85,,23,23,23,,108,108,108,0,2,1,1,99,,0,5,,,,,,,,,,,,,,,4,17,9,7,16,26,4,2,,,,4,17,9,7,16,26,4,2,,,,,,,,,,,,,,,0,0,1,1,9,7,2,3,,,,0,0,1,1,9,7,2,3,,,,,,,,,,,,,,,,,,,,,,,,8,3,8.529934371,3.198725389,39,38348.375,28.7885285,0.727272727,8,-88.422065,43.093504,
-239442,239442,239442,0,Nicolet Area Technical College,Nicolet Area Technical College,Rhinelander,Wisconsin,54501-0518,55,1,2,2,902.687374,1023,3807212,28367344,25789001,,190,83,139,61,3873,51,22,951,43,19,1062,105,46,3317,130,3245,4867,,,,28198171,30065099,12793340,17271759,214500,,,17271759,,,167,,,,,380,88,8,,,,,167,41,0.222826087,395,1369,667,,,667,702,,,702,1369,,,1369,89,7,8,15,1250,,0,0,1,266,121,89,79,28,22,42,19,0,,,,,,,,,,,,,1,266,121,89,79,28,22,42,19,0,,8,53,67,86,139,76,66,130,73,4,,,,,,,,,,,,,8,53,67,86,139,76,66,130,73,4,,,,,,,,,,,,,,,,,,,,,,,,,81,,8.973206265,,178,72607.83544,19.49733707,1,79,-89.35026,45.5755,
2702,239460,239460,1,Northcentral Technical College,Northcentral Technical College,Wausau,Wisconsin,54401-1899,55,1,2,2,2757.904958,3139,9880801,58136738,47208747,0.004419176,430,78,324,59,4572,145,26,1159,0,0,,293,53,4256,283,3042,4563,,,,56930274,80944794,31733373,49211421,5945580,,,49211421,,,431,,,,,817,260,62,,,,,431,143,0.396121884,1639,4582,1840,,,1840,2734,,,2734,4574,,,4574,60,201,33,67,3961,0,252,0,5,399,386,277,265,157,120,172,59,0,0,,,,,,,,,,,,5,399,386,277,265,157,120,172,59,0,0,255,331,228,352,410,289,223,411,220,9,6,,,,,,,,,,,,255,331,228,352,410,289,223,411,220,9,6,,,,,,,,,,,,,,,,,,,,,,,,155,4,5.620208178,0.14503763,422,67431.68387,12.98086792,0.974842767,155,-89.648325,44.988142,
-239488,239488,239488,0,Northeast Wisconsin Technical College,Northeast Wisconsin Technical College,Green Bay,Wisconsin,54307-9042,55,1,2,2,5533.19931,6472,23437620,111031630,93265433,,807,71,542,48,3976,252,22,1117,0,0,,599,53,5181,237,3042,18206,,,,112196869,123340772,56527665,66813107,7707807,,,66813107,,,908,,,,,965,575,,,,,,908,260,0.300230947,3474,9425,3643,,,3643,5630,,,5630,9273,,,9273,281,241,171,261,8241,,78,0,155,1301,604,439,450,228,165,199,98,1,3,,,,,,,,,,,,155,1301,604,439,450,228,165,199,98,1,3,423,566,595,752,945,583,440,856,438,20,12,,,,,,,,,,,,423,566,595,752,945,583,440,856,438,20,12,,,,,,,,,,,,,,,,,,,,,,,,234,460,4.229018094,8.313454373,1250,74338.78205,9.777345252,0.337175793,234,-88.106212,44.524062,
-239503,239503,239503,0,Northland International University,,Dunbar,Wisconsin,54119-9285,55,2,2,2,536.421856,609,5253547,9650914,6937869,0.410703283,94,99,57,60,4440,0,0,,90,95,4667,37,39,6978,760,10720,10720,760,3582,3582,11117419,20492666,2560720,17931946,1225303,,,17931946,,7032046,10,82,19,3,,,,,,,,,114,86,0.618705036,163,528,480,7,7,487,48,80,80,128,528,87,87,615,0,12,3,1,571,0,8,20,4,141,225,94,8,1,2,1,0,,4,,,,6,1,0,0,0,0,,0,4,141,225,100,9,1,2,1,0,,4,0,0,7,17,7,3,2,6,6,,0,,,,37,28,2,4,6,2,,1,0,0,7,54,35,5,6,12,8,,1,,,,,,,,,,,,,,,,,,,,,,,,27,7,5.033351959,2.609886201,160,30802.22222,15.65931721,0.658536585,27,-88.09373,45.585166,
-239512,239512,239512,0,Northland College,Northland College,Ashland,Wisconsin,54806-3999,55,2,2,2,583.356299,619,13552002,17432446,19552952,0.462494545,134,99,47,35,5316,36,27,2598,134,99,12897,101,75,7039,641,23380,23380,,,,17792178,60911435,12823425,48088010,3619504,,,48088010,,17382122,,126,,,,,,,,,,,126,68,0.53968254,182,602,565,,,565,37,10,10,47,602,10,10,612,16,7,2,15,498,,54,20,1,216,238,66,23,10,4,6,1,,,,,,,,,,,,,,1,216,238,66,23,10,4,6,1,,,6,2,5,6,3,1,4,6,4,,,,,,,1,3,,5,1,,,6,2,5,6,4,4,4,11,5,,,582,212,370,457,176,281,136,56,80,582,457,136,0,20,26,20,27,18,26,500,640,510,670,42,24,7.199716549,4.114123742,151,50739.11905,21.08488418,0.636363636,42,-90.873545,46.58088,
-239628,239628,239628,0,Ripon College,Ripon College,Ripon,Wisconsin,54971-0248,55,2,2,2,1053.071426,1115,25788556,29210236,34488284,0.522889184,249,100,80,32,6215,109,44,2775,247,99,14101,225,90,5691,275,25170,25170,,,,28342851,102721634,39543340,63178294,3958321,,,63178294,,53004256,,206,,,,,,,,,,,206,143,0.707920792,286,1064,1046,,,1046,18,,,18,1064,,,1064,7,15,15,31,905,,56,35,10,464,467,87,9,2,2,3,0,,2,,,,,,,,,,,,10,464,467,87,9,2,2,3,0,,2,2,0,1,4,3,1,0,2,2,,3,,,,,,,,,,,,2,0,1,4,3,1,0,2,2,,3,1064,504,560,845,387,458,249,126,123,1064,845,249,0,22,27,22,27,22,27,500,640,490,640,62,27,5.887539864,2.56392865,213,55358.56452,14.4339687,0.696629213,62,-88.841372,43.842978,
-239637,239637,239637,0,Sacred Heart School of Theology,,Franklin,Wisconsin,53132,55,2,2,2,121.584708,123,1299695,7428233,6626126,0.016293823,,,,,,,,,,,,,,,,,,645,4230,4230,6712025,9131588,1632605,7498983,,,,7498983,,6927382,,,18,,,,,,0,,,,18,,,,,,117,117,117,,12,12,12,,129,129,129,1,2,1,3,82,0,0,40,,,,,,,,,,,,,,,2,12,10,17,34,37,5,,,,,2,12,10,17,34,37,5,,,,,,,,,,,,,,,,0,0,0,0,4,5,3,,,,,0,0,0,0,4,5,3,,,,,,,,,,,,,,,,,,,,,,,,,9,12,7.402246671,9.869662228,62,61122.22222,33.72134594,0.428571429,9,-88.042172,42.911798,
-239716,239716,239716,0,Saint Norbert College,Saint Norbert College,De Pere,Wisconsin,54115-2099,55,2,2,2,2092.973362,2247,55464187,66008989,70349929,0.392915468,530,98,122,22,4773,161,30,2769,530,98,13622,382,70,6688,450,26522,26522,,,,55122034,187271747,48514685,138757062,7743196,,,138757062,,73132114,,454,12,,,,,15,,,,,466,402,0.773076923,630,2113,2041,,,2041,72,62,62,134,2113,62,62,2175,10,19,13,52,1942,,43,96,11,940,910,147,21,5,2,4,1,,,,,,,,,,,,,,11,940,910,147,21,5,2,4,1,0,0,22,10,13,12,7,1,0,7,0,,,,,,1,10,5,6,22,13,4,1,22,10,13,13,17,6,6,29,13,4,1,2024,976,1048,1686,765,921,546,237,309,2024,1686,544,2,21,26,21,27,20,26,,,,,134,26,6.402374843,1.242251835,626,55747.3209,23.74612162,0.8375,134,-88.065306,44.445065,
-239743,239743,239743,0,Silver Lake College,Silver Lake College,Manitowoc,Wisconsin,54220-9319,55,2,2,2,398.452466,447,6304044,13268449,13166476,0.196238637,29,97,17,57,5037,17,57,3184,28,93,8945,25,83,7010,220,20340,20340,20,7380,7380,10279518,17346392,7112239,10234153,4222,,,10234153,,5258537,0,98,57,,,,,,,,,,155,10,0.357142857,148,507,190,14,14,204,317,183,183,500,507,197,197,704,23,8,18,7,457,,186,5,0,42,53,33,23,13,11,12,3,0,0,,,,0,4,2,1,4,3,,0,0,42,53,33,27,15,12,16,6,0,0,22,0,6,18,56,33,35,81,58,2,6,,,,2,32,39,36,44,23,,7,22,0,6,20,88,72,71,125,81,2,13,152,72,80,112,57,55,30,9,21,152,112,30,0,16,24,15,22,17,24,,,,,39,78,9.787867645,19.57573529,183,31974.25641,24.09321266,0.333333333,39,-87.740823,44.07136,
-239877,239877,239877,0,State College of Beauty Culture Inc,,Wausau,Wisconsin,54403,55,3,2,2,76,72,414728,780361,418105,,45,94,39,81,5361,0,0,,34,71,133,39,81,4778,,,,,,,867305,,,,,,,,,,,,,,,12,,35,,,,,,33,0.66,,,76,,,76,,,,,76,,,76,0,3,0,1,72,0,0,0,,35,15,10,3,5,5,2,1,,,,,,,,,,,,,,,35,15,10,3,5,5,2,1,,,,,,,,,,,,,,,,,,,,,,,,,,0,0,0,0,0,0,0,0,,,103,1,102,103,1,102,63,1,62,103,103,63,0,,,,,,,,,,,4,5,5.263157895,6.578947368,15,,10.52631579,0.444444444,,-89.617789,44.937392,
-239910,239910,239910,0,Southwest Wisconsin Technical College,Southwest Wisconsin Technical College,Fennimore,Wisconsin,53809-9778,55,1,2,2,1722.479509,1571,4593313,30075992,21191291,,266,80,181,55,3998,100,30,910,44,13,675,196,59,3781,278,3042,4563,,,,34161503,58803556,46028835,12774721,1407375,,,12774721,,,176,,,,,312,208,26,,,,,176,128,0.57918552,549,3090,864,,,864,2557,,,2557,3421,,,3421,28,24,93,21,3212,0,43,0,0,294,186,92,86,53,33,49,68,2,1,,,,,,,,,,,,0,294,186,92,86,53,33,49,68,2,1,301,639,302,222,219,145,124,256,244,40,65,,,,,,,,,,,,301,639,302,222,219,145,124,256,244,40,65,,,,,,,,,,,,,,,,,,,,,,,,94,18,5.457249245,1.045005175,202,61833.46809,10.33394006,0.839285714,94,-90.635723,42.973047,
-239929,239929,239929,0,Bryant and Stratton College-Milwaukee,,Milwaukee,Wisconsin,53203-2608,55,3,2,2,833.607111,927,11187614,10788950,11187614,0.035634408,192,99,186,96,2894,0,0,,156,81,594,192,99,4507,0,14670,14670,,,,6722050,15974389,6643,,,,,,,,114,0,,,,,,,,,,,114,,,388,959,746,,,746,223,,,223,969,,,969,3,5,879,46,36,0,0,0,3,148,157,156,123,68,39,42,10,,0,,,,,,,,,,,,3,148,157,156,123,68,39,42,10,,0,1,45,47,47,37,20,11,12,2,,1,,,,,,,,,,,,1,45,47,47,37,20,11,12,2,,1,,,,,,,,,,,,,,,,,,,,,,,,17,59,2.039330012,7.077674749,127,37542.64706,7.557517105,0.223684211,17,-87.91501,43.038788,
-239965,239965,239965,0,Theda Clark Medical Center School of Radiologic Technology,,Neenah,Wisconsin,54956-2021,55,2,2,-1,19,32,,,,,,,,,,,,,,,,,,,0,4000,4000,,,,,,,,,,,,,,,,,,,,9,,,,,,,,,,,19,,,19,,,,,19,,,19,0,0,0,0,19,0,0,0,,1,6,6,3,,1,,,,2,,,,,,,,,,,,,1,6,6,3,,1,,,,2,,,,,,,,,,,,,,,,,,,,,,,,0,0,0,0,,0,,,,0,35,4,31,10,1,9,10,1,9,35,10,10,0,,,,,,,,,,,2,2,10.52631579,10.52631579,8,,21.05263158,0.5,,-88.453521,44.188205,
-240055,240055,240055,0,University of Wisconsin Colleges,University of Wisconsin Colleges,Madison,Wisconsin,53708-8680,55,1,2,2,10505.54799,10243,44866037,98426883,82758575,0.029717289,2636,67,1253,32,4255,933,24,2189,230,6,1117,1743,45,4524,329,4268,11252,,,,107449761,56449016,10218912,46230104,145352,,,46230104,,,1461,,,,,,,,,,,,1461,730,0.200329308,6432,13789,8846,,,8846,4943,,,4943,13789,,,13789,113,476,231,371,12189,131,245,33,52,5338,1779,710,506,213,106,115,25,2,0,,,,,,,,,,,,52,5338,1779,710,506,213,106,115,25,2,0,699,656,661,691,744,452,313,456,198,72,1,,,,,,,,,,,,699,656,661,691,744,452,313,456,198,72,1,6071,2931,3140,6036,2915,3121,4164,2052,2112,6071,6036,3663,501,18,23,16,22,17,23,,,,,317,336,3.017453257,3.198310077,1171,51065.5836,6.805927693,0.485451761,317,-89.3983,43.067705,
-240107,240107,240107,0,Viterbo University,Viterbo University,La Crosse,Wisconsin,54601-8804,55,2,2,2,2542.961206,3391,45245848,47054324,53980818,0.288227928,409,100,209,51,4452,154,38,2763,401,98,10080,310,76,6584,490,19670,19670,50,6048,6048,36315846,81626548,17523104,64103444,3953753,,,64103444,,25484534,6,388,529,,,,,,71,21,,21,923,150,0.5,829,2207,1633,443,443,2076,574,632,632,1206,2207,1075,1075,3282,18,51,58,42,2985,,89,39,5,650,535,268,89,33,19,25,9,0,,,,,37,114,85,67,89,38,0,13,5,650,535,305,203,118,86,114,47,0,13,68,7,13,44,113,89,67,128,44,1,,,,,20,129,121,100,150,87,2,23,68,7,13,64,242,210,167,278,131,3,23,1463,424,1039,1272,356,916,417,124,293,1463,1272,410,7,20,25,19,25,19,25,,,,,125,171,4.915529175,6.724443912,476,54364.5625,11.05010959,0.422297297,112,-91.2453,43.80204,
-240116,240116,240116,0,Chippewa Valley Technical College,Chippewa Valley Technical College,Eau Claire,Wisconsin,54701-6162,55,1,2,2,3970.525955,3878,14030912,63528346,56475569,,1568,81,1001,52,4137,556,29,1004,162,8,1281,1253,65,4985,565,3042,4563,,,,65720539,73560608,26567544,46993064,6316909,,,46993064,,,709,,,,,264,324,29,,,,,709,698,0.471303174,3296,5774,3059,,,3059,2715,,,2715,5774,,,5774,36,201,64,74,5190,,209,0,331,984,508,410,336,176,101,160,51,2,0,,,,,,,,,,,,331,984,508,410,336,176,101,160,51,2,0,233,302,376,426,489,262,216,293,108,2,8,,,,,,,,,,,,233,302,376,426,489,262,216,293,108,2,8,,,,,,,,,,,,,,,,,,,,,,,,227,292,5.717126712,7.354189428,743,68243.49765,9.620891648,0.437379576,213,-91.505993,44.793282,
-240125,240125,240125,0,Waukesha County Technical College,Waukesha County Technical College,Pewaukee,Wisconsin,53072-4601,55,1,2,2,4301.47503,4610,15346890,95355213,82084816,0.001563574,293,61,173,36,4317,69,14,912,34,7,1152,231,48,5622,183,3042,4563,,,,91157858,115454975,43104704,72350271,5193564,,,72350271,,,592,,,,,889,273,,,,,,592,141,0.301282051,2074,7749,2559,,,2559,5190,,,5190,7749,,,7749,39,172,333,380,6587,,238,0,8,839,560,389,273,144,91,152,102,1,0,,,,,,,,,,,,8,839,560,389,273,144,91,152,102,1,0,484,465,573,729,856,484,421,704,450,15,9,,,,,,,,,,,,484,465,573,729,856,484,421,704,450,15,9,,,,,,,,,,,,,,,,,,,,,,,,191,729,4.440337295,16.94767481,1255,79257.05759,10.85674093,0.207608696,191,-88.2525,43.072257,
-240170,240170,240170,0,Western Technical College,Western Technical College,La Crosse,Wisconsin,54602-0908,55,1,2,2,3384.253415,4100,12137195,62986458,52218152,0.010881015,432,70,282,46,4428,124,20,1027,0,0,,316,51,4860,174,3042,4563,,,,63548142,92958016,61998750,30959266,8447806,,,30959266,,,531,,,,,616,266,50,,,,,531,254,0.456834532,1389,5660,2278,,,2278,3295,,,3295,5573,,,5573,73,194,94,68,4967,,177,0,1,652,595,342,293,148,79,104,61,0,3,,,,,,,,,,,,1,652,595,342,293,148,79,104,61,0,3,208,385,393,477,595,344,239,428,208,17,1,,,,,,,,,,,,208,385,393,477,595,344,239,428,208,17,1,,,,,,,,,,,,,,,,,,,,,,,,214,210,6.323403533,6.205209074,743,58540.8785,13.59236273,0.504716981,214,-91.246736,43.81502,
-240189,240189,240189,0,University of Wisconsin-Whitewater,University of Wisconsin-Whitewater,Whitewater,Wisconsin,53190-1790,55,1,2,2,10138.90365,10377,67170840,146432242,100890615,0.088832103,1488,77,469,24,4840,530,27,1956,257,13,1251,1247,64,5784,944,5551,13124,801,6706,16771,155299504,278783158,93087499,185695659,4741349,,,185695659,,,15,1758,441,,,,,,,,,,2214,972,0.557020057,2666,9730,9117,415,415,9532,613,994,994,1607,9730,1409,1409,11139,42,220,514,291,9748,66,120,138,21,3537,3339,1654,354,85,43,65,19,0,,,,1,223,105,41,13,24,8,0,0,21,3537,3340,1877,459,126,56,89,27,0,0,15,34,59,173,139,66,37,48,36,6,,,,0,100,340,207,118,156,70,2,1,15,34,59,273,479,273,155,204,106,8,1,5963,3004,2959,4974,2469,2505,2154,1122,1032,5963,4974,2132,22,20,24,19,24,19,25,460,620,450,570,423,97,4.172048722,1.380819908,1150,60024.73995,9.330397378,0.751332149,423,-88.741427,42.835008,
-240198,240198,240198,0,Wisconsin Indianhead Technical College,Wisconsin Indianhead Technical College,Shell Lake,Wisconsin,54871-8727,55,1,2,2,2523.7688,2695,10019895,55292725,49195284,,388,78,261,52,4155,126,25,1140,41,8,371,309,62,4130,191,3042,4563,,,,59110974,47457342,21204180,26253162,1015687,,,26253162,,,377,,,,,999,358,71,,,,,377,179,0.464935065,1300,4118,1718,,,1718,2400,,,2400,4118,,,4118,114,31,27,18,3823,0,105,0,52,553,277,200,226,132,88,135,55,0,,,,,,,,,,,,,52,553,277,200,226,132,88,135,55,0,,287,223,205,273,379,268,209,344,197,15,,,,,,,,,,,,,287,223,205,273,379,268,209,344,197,15,,,,,,,,,,,,,,,,,,,,,,,,,150,286,5.94349213,11.33225833,785,64715.02,15.77006578,0.344036697,150,-91.9151,45.747989,
-240213,240213,240213,0,Wisconsin School of Professional Psychology,,Milwaukee,Wisconsin,53225-4960,55,2,2,2,38.631186,53,934358,975030,980326,0.019986986,,,,,,,,,,,,,,,,,,0,20250,20250,898157,1048314,65030,983284,74648,,,983284,,118372,,,7,,7,,,,,,,,14,,,,,,18,18,18,,54,54,54,,72,72,72,0,2,3,0,67,,0,0,,,,,,,,,,,,,,,2,10,3,2,1,0,,0,,,,2,10,3,2,1,0,,0,,,,,,,,,,,,,,,1,24,13,5,7,3,,1,,,,1,24,13,5,7,3,,1,,,,,,,,,,,,,,,,,,,,,,,,,14,,38.82873283,23,,10.35432875,,,-88.026521,43.105041,
-240240,240240,240240,0,Wisconsin College of Cosmetology Inc,,De Pere,Wisconsin,54115,55,3,2,2,88,148,717869,832869,717869,,38,81,30,64,6221,0,0,,0,0,,30,64,5878,,,,,,,808463,,,,,,,,,,,,,,,,,31,,,,,,14,0.933333333,,,88,,,88,,,,,88,,,88,5,2,1,1,77,0,2,0,,38,19,11,9,3,3,3,2,,,,,,,,,,,,,,,38,19,11,9,3,3,3,2,,,,,,,,,,,,,,,,,,,,,,,,,,0,0,0,0,0,0,0,0,,,,,,,,,,,,,,,,,,,,,,,,,,3,3,3.409090909,3.409090909,11,,6.818181818,0.5,,-88.115101,44.468073,
-240268,240268,240268,0,University of Wisconsin-Eau Claire,University of Wisconsin-Eau Claire,Eau Claire,Wisconsin,54702-4004,55,1,2,2,10418.52364,10214,58110983,148932318,102658016,0.00874931,1473,73,439,22,5032,447,22,2149,270,13,1106,1130,56,5587,1102,5527,13100,922,6706,16771,151183037,194473534,31564382,162909152,1683516,,,162909152,,,8,2012,177,,,,,,,,,,2197,1322,0.652517275,2750,10617,9799,114,114,9913,818,485,485,1303,10617,599,599,11216,61,344,62,140,10204,49,196,160,18,3674,3660,1978,327,66,36,30,10,0,,,,4,50,36,11,6,5,2,0,0,18,3674,3664,2028,363,77,42,35,12,0,0,104,44,104,220,112,65,49,67,42,11,,,,3,35,155,114,63,74,39,1,1,104,44,107,255,267,179,112,141,81,12,1,7574,2896,4678,5188,1900,3288,2059,778,1281,7574,5188,2052,7,23,26,21,27,22,27,,,,,433,102,4.1560591,1.343760448,1238,59597.20785,9.435118003,0.755671902,433,-91.501539,44.799077,
-240277,240277,240277,0,University of Wisconsin-Green Bay,University of Wisconsin-Green Bay,Green Bay,Wisconsin,54311-7001,55,1,2,2,5629.007525,5497,29668639,82258110,54395670,0.03319367,848,82,291,28,4894,329,32,1905,149,14,4798,666,64,5702,1250,5364,12937,1250,6706,16771,83831040,147176193,19622544,127553649,4097437,,,127553649,,,9,1104,47,,,,,,,,,,1160,500,0.505561173,1888,6369,4916,46,46,4962,1453,223,223,1676,6369,269,269,6638,108,198,52,124,5959,57,74,66,13,1748,1653,968,301,108,51,60,14,0,,,,1,15,14,6,3,4,3,,,13,1748,1654,983,315,114,54,64,17,0,,181,68,128,213,205,166,150,223,113,6,,,,1,9,48,35,25,57,48,,,181,68,129,222,253,201,175,280,161,6,,2928,1072,1856,2630,925,1705,1017,391,626,2928,2630,1000,17,20,25,19,24,19,25,,,,,188,27,3.339842755,0.69283972,634,57284.5266,9.699756086,0.828193833,188,-87.931289,44.531783,
-240329,240329,240329,0,University of Wisconsin-La Crosse,University of Wisconsin-La Crosse,La Crosse,Wisconsin,54601-9959,55,1,2,2,9170.739343,9460,61729067,146167868,100413842,0.01923013,1344,74,313,17,4855,377,21,1847,257,14,873,1043,57,5905,1084,6425,13998,904,6767,16832,138852427,264436525,55843792,208592733,7815613,,,208592733,,,4,1720,462,,42,,,,,,,,2228,1083,0.703703704,2379,8871,8326,334,334,8660,545,804,804,1349,8871,1138,1138,10009,41,300,86,186,8787,78,154,377,20,3222,3243,1514,232,58,15,15,7,0,,,,3,240,75,11,2,2,1,,,20,3222,3246,1754,307,69,17,17,8,0,,37,35,88,151,97,43,27,37,22,8,,,,0,88,307,153,75,114,67,,,37,35,88,239,404,196,102,151,89,8,,6904,2772,4132,4607,1723,2884,1785,701,1084,6904,4607,1779,6,23,27,22,27,23,27,,,,,395,105,4.307177265,2.300795957,1185,59877.41667,9.36674752,0.651815182,384,-91.230506,43.812873,
-240338,240338,240338,0,Wisconsin Lutheran College,Wisconsin Lutheran College,Milwaukee,Wisconsin,53226-4699,55,2,2,2,744.428564,798,14968071,23411538,25126173,0.469924014,200,99,77,38,4999,85,42,2845,198,98,10243,157,78,6393,140,21040,21040,,,,24657260,106114358,60281830,45832528,15418362,,,45832528,,18686753,,136,,,,,,,,,,,136,108,0.580645161,253,776,724,,,724,52,,,52,776,,,776,4,11,34,22,676,,10,19,7,359,274,70,9,2,3,0,0,,0,,,,,,,,,,,,7,359,274,70,9,2,3,0,0,,0,23,2,3,4,2,5,5,5,2,,1,,,,,,,,,,,,23,2,3,4,2,5,5,5,2,,1,693,375,318,505,251,254,202,99,103,693,505,202,0,21,26,20,27,19,27,465,650,485,587,66,35,8.865860768,4.701592831,226,51440.57377,18.40337765,0.653465347,61,-88.022949,43.035999,
-240365,240365,240365,0,University of Wisconsin-Oshkosh,University of Wisconsin-Oshkosh,Oshkosh,Wisconsin,54901,55,1,2,2,10848.46794,10362,58523119,166104681,101272866,0.023470605,1400,75,507,27,4730,534,28,2122,134,7,1056,1254,67,5976,872,5477,13050,872,6706,16771,166346529,251474232,73825766,177648466,8617282,,,177648466,,,5,1856,319,,,,,,,,,,2180,881,0.515807963,4025,11672,9163,193,193,9356,2509,1327,1327,3836,11672,1520,1520,13192,113,417,186,247,11911,71,141,106,37,3128,3050,1984,543,172,110,103,36,0,0,,0,1,67,55,30,15,21,4,0,0,37,3128,3051,2051,598,202,125,124,40,0,0,959,196,123,344,327,166,135,184,69,5,1,,1,0,98,372,253,189,279,127,3,5,959,197,123,442,699,419,324,463,196,8,6,5206,2196,3010,4298,1742,2556,1843,774,1069,5206,4298,1807,36,20,24,19,24,19,25,,,,,413,198,3.806989173,2.599445392,1566,59292.05327,10.54526783,0.594244604,413,-88.54946,44.02453,
-240374,240374,240374,0,University of Wisconsin-Parkside,University of Wisconsin-Parkside,Kenosha,Wisconsin,53141-2000,55,1,2,2,4361.530907,4260,23359343,67208480,48935667,0.016017959,612,78,289,37,4796,296,38,2080,69,9,3724,481,61,5691,912,5364,12937,912,6706,16771,75508969,151586669,59781495,91805174,2159079,,,91805174,,,,588,32,,,,,,,,,,620,281,0.315730337,1360,5153,3688,44,44,3732,1465,106,106,1571,5153,150,150,5303,21,146,527,463,3877,91,107,71,15,1300,1094,761,326,85,43,47,17,0,0,,,2,18,12,4,4,2,2,0,,15,1300,1096,779,338,89,47,49,19,0,0,55,141,159,282,268,153,107,152,114,33,1,,,0,24,27,18,7,13,16,1,,55,141,159,306,295,171,114,165,130,34,1,2017,948,1069,1869,870,999,929,445,484,2017,1869,833,96,18,22,16,22,16,23,,,,,174,103,3.989424899,2.361556119,607,57384.89655,10.82188823,0.628158845,174,-87.849632,42.64914,
-240392,240392,240392,0,Herzing University,,Madison,Wisconsin,53718,55,3,2,2,1981.613426,2806,43838380,43802612,43838380,0.000815906,162,97,98,59,5815,0,0,,18,11,858,159,95,11283,25,15046,15046,50,17289,17289,25787701,32162319,1558259,,,,,,,,244,214,16,,,,216,,,,,,474,16,0.307692308,747,3297,1042,35,35,1077,2255,49,49,2304,3297,84,84,3381,19,37,402,75,1249,0,1598,1,0,103,146,161,234,149,96,114,39,,,,,,5,9,11,6,3,1,,,0,103,146,166,243,160,102,117,40,,,1,33,121,279,504,446,328,394,149,,,,,,2,8,15,7,12,5,,,1,33,121,281,512,461,335,406,154,,,377,138,239,377,138,239,377,138,239,377,377,186,191,,,,,,,,,,,38,196,1.917629317,9.89093016,475,46204.10526,11.55623983,0.162393162,38,-89.291617,43.143622,
-240417,240417,240417,0,University of Wisconsin-Stout,University of Wisconsin-Stout,Menomonie,Wisconsin,54751,55,1,2,2,7843.058684,7983,44515863,122223383,79626735,0.056895516,1175,77,343,23,4771,328,22,1844,125,8,1376,1029,68,6316,1847,5974,13719,738,5804,9345,135142055,209345247,53174667,156170580,8866995,,,156170580,,,,1418,282,,,,,,,,,,1700,679,0.531714957,2287,7973,6801,300,300,7101,1172,744,744,1916,7973,1044,1044,9017,46,259,75,130,7906,113,336,152,5,2525,2314,1490,282,75,36,59,15,0,,,,3,148,90,20,12,18,9,0,,5,2525,2317,1638,372,95,48,77,24,0,,10,34,104,314,238,143,88,161,75,5,,,,0,44,191,144,91,166,107,1,,10,34,104,358,429,287,179,327,182,6,,3493,1686,1807,3180,1504,1676,1644,804,840,3493,3180,1633,11,19,23,17,23,18,24,,,,,336,94,4.284042917,2.193021969,1172,58171.21726,11.61536636,0.661417323,336,-91.931068,44.890434,
-240426,240426,240426,0,University of Wisconsin-Superior,University of Wisconsin-Superior,Superior,Wisconsin,54880-4500,55,1,2,2,2409.946681,2398,15297420,55552200,37327358,0.010104122,306,84,127,35,4959,91,25,2149,93,26,4094,225,62,5497,1165,5571,13144,1165,6706,16771,57002818,109370091,27921768,81448323,1568658,,,81448323,,,9,432,69,,,,,,,,,,510,143,0.434650456,738,2576,2083,77,77,2160,493,141,141,634,2576,218,218,2794,69,29,37,30,2392,25,44,168,7,567,634,486,206,89,39,43,12,0,,,,1,27,21,5,8,11,4,,,7,567,635,513,227,94,47,54,16,0,,5,11,19,71,107,75,69,88,45,3,,,,0,12,27,27,24,27,24,,,5,11,19,83,134,102,93,115,69,3,,842,389,453,744,334,410,312,141,171,842,744,303,9,20,24,18,24,18,24,,,,,117,52,4.854879194,2.157724086,438,56952.68966,14.39865881,0.692307692,116,-92.087525,46.720578,
-240435,240435,240435,0,University of Wisconsin-System Administration,,Madison,Wisconsin,53706,55,1,-2,2,,,,41142317,25326272,,,,,,,,,,,,,,,,,,,,,,50710448,116824509,17523039,99301470,,,,99301470,,,,,,,,,,,,,,,,,,,,,,,,,,,,,,,,,,,,,,,,,,,,,,,,,,,,,,,,,,,,,,,,,,,,,,,,,,,,,,,,,,,,,,,,,,,,,,,,,,,,,,,,,,,,,,,,,,,,,,,,,,,,,,,,,,,,,226,,,,,-89.406599,43.075146,
-240444,240444,240444,0,University of Wisconsin-Madison,University of Wisconsin-Madison,Madison,Wisconsin,53706-1380,55,1,1,1,38821.51031,36977,390735860,2291794800,1048135434,0.134115256,3752,66,780,14,5285,1011,18,2239,2227,39,3810,2288,40,6470,1014,7296,22045,1014,9500,24054,2298772430,3667110409,911233441,2755876968,64867369,,,2755876968,,,,6558,1919,716,639,,,,,,,,9832,4661,0.829802386,7636,29925,27386,9664,9664,37050,2539,2065,2065,4604,29925,11729,11729,41654,206,2232,1149,1512,30581,411,1596,3967,150,10668,11610,4066,638,132,61,42,16,3,,,3,229,3120,3928,1439,509,329,104,3,,150,10671,11839,7186,4566,1571,570,371,120,6,,62,60,226,630,415,250,156,213,271,256,,,0,8,247,805,433,220,246,104,2,,62,60,234,877,1220,683,376,459,375,258,,22613,10947,11666,13446,6349,7097,5773,2737,3036,22613,13446,5759,14,26,30,26,31,26,31,620,730,550,670,3148,986,8.10890657,15.80824639,20939,91037.25573,33.48916592,0.339041465,1658,-89.404708,43.074249,
-240453,240453,240453,0,University of Wisconsin-Milwaukee,University of Wisconsin-Milwaukee,Milwaukee,Wisconsin,53201-0413,55,1,2,2,26222.62566,25634,205147526,473202651,322426280,0.025799707,3152,78,1229,30,5408,1367,34,1911,245,6,3905,2626,65,6630,812,6890,16619,812,9186,22852,487327861,594836981,99040411,495796570,14085346,,,495796570,,,,3554,1340,129,16,,,,,,,,5039,1615,0.434841142,6144,25204,21005,2565,2565,23570,4199,2649,2649,6848,25204,5214,5214,30418,173,1330,2083,1342,23595,309,706,880,48,6831,6748,4731,1751,480,171,170,72,3,,,,19,859,888,338,179,174,106,2,,48,6831,6767,5590,2639,818,350,344,178,5,,43,224,374,841,952,503,306,382,305,269,,,,1,280,908,496,306,413,240,5,,43,224,375,1121,1860,999,612,795,545,274,,10502,4928,5574,9776,4486,5290,4118,1958,2160,10502,9776,4002,116,20,24,19,24,18,25,,,,,1071,517,4.084259197,6.15117655,4700,69388.74063,10.93330637,0.399031297,1041,-87.882867,43.074784,
-240462,240462,240462,0,University of Wisconsin-Platteville,University of Wisconsin-Platteville,Platteville,Wisconsin,53818-3001,55,1,2,2,6905.909097,6916,43444055,93146819,61521044,0.026887683,1202,79,434,28,4547,384,25,1988,376,25,594,1043,68,5596,990,5466,13039,990,6706,16771,101962265,199882639,77047508,122835131,3391183,,,122835131,,,,1070,217,,,,,,,,,,1287,624,0.536082474,2082,6971,6276,76,76,6352,695,756,756,1451,6971,832,832,7803,28,104,195,110,7025,29,180,132,15,2458,2248,1257,198,48,25,17,10,0,,,0,0,24,27,10,5,9,1,,,15,2458,2248,1281,225,58,30,26,11,0,,8,26,68,137,126,114,65,103,40,8,,,1,2,63,163,153,119,175,80,,,8,27,70,200,289,267,184,278,120,8,,3166,2086,1080,3052,2009,1043,1554,1022,532,3166,3052,1468,86,20,25,18,24,19,26,,,,,291,68,4.213782659,1.40459422,837,56947.35052,10.31001118,0.75,291,-90.4931,42.73379,
-240471,240471,240471,0,University of Wisconsin-River Falls,University of Wisconsin-River Falls,River Falls,Wisconsin,54022,55,1,2,2,6225.757394,6163,35769326,93554060,60515738,0.007568384,1043,79,351,27,4509,245,19,1992,58,4,1674,893,68,6405,1097,5436,13009,954,6706,16771,96300899,156702367,41819971,114882396,2845515,,,114882396,,,,1039,173,,,,,,,,,,1212,657,0.54887218,1876,6222,5762,149,149,5911,460,357,357,817,6222,506,506,6728,20,141,89,85,6156,45,115,77,14,2175,2106,1103,232,69,26,29,8,0,,,,,55,52,18,8,13,3,0,,14,2175,2106,1158,284,87,34,42,11,0,,27,36,59,130,94,36,21,32,20,5,,,,,15,123,55,50,79,32,3,,27,36,59,145,217,91,71,111,52,8,,2959,1237,1722,2633,1055,1578,1345,556,789,2959,2633,1332,13,20,24,19,24,19,25,,,,,236,112,3.790703445,1.927476328,752,61475.25108,9.34826019,0.662921348,231,-92.623972,44.8552,
-240480,240480,240480,0,University of Wisconsin-Stevens Point,University of Wisconsin-Stevens Point,Stevens Point,Wisconsin,54481,55,1,2,2,8685.493256,8682,50933234,150246912,90632558,0.015368963,1286,79,425,26,4694,496,30,1872,133,8,1399,1041,64,5425,1164,5364,12937,1031,6706,16771,155103886,237992912,85077976,152914936,5629820,,,152914936,,,20,1657,121,,4,,,,,,,,1802,910,0.596721311,2385,8804,8242,110,110,8352,562,295,295,857,8804,405,405,9209,54,218,110,137,8291,63,151,185,9,2841,3005,1756,390,124,53,48,16,0,,,,2,70,21,6,3,6,2,,,9,2841,3007,1826,411,130,56,54,18,0,,17,18,45,142,136,48,43,65,38,10,,,,0,35,98,47,32,61,22,,,17,18,45,177,234,95,75,126,60,10,,4984,2264,2720,3991,1709,2282,1632,742,890,4984,3991,1608,24,21,25,20,25,20,25,,,,,369,91,4.248463376,1.980313552,1225,57423.65915,11.133507,0.68207024,355,-89.569446,44.523598,
-246594,246594,246594,0,Empire Beauty School-Manitowoc,,Manitowoc,Wisconsin,54220-5040,55,3,2,2,68,95,756496,947632,756496,0.002115014,157,99,133,84,8846,0,0,,37,23,100,133,84,14796,,,,,,,597674,,,,,,,,,,,,,,,1,,37,,,,,,24,0.48,,,68,,,68,,,,,68,,,68,1,3,4,10,40,0,10,0,,15,10,9,19,7,7,1,,,,,,,,,,,,,,,,15,10,9,19,7,7,1,,,,,,,,,,,,,,,,,,,,,,,,,,,0,0,0,0,0,0,0,,,,,,,,,,,,,,,,,,,,,,,,,,,3,,4.411764706,,7,,10.29411765,1,,-87.671516,44.088364,
-260372,260372,260372,0,Lac Courte Oreilles Ojibwa Community College,,Hayward,Wisconsin,54843,55,1,2,2,414.86214,371,1462674,7573111,1560576,,33,52,24,38,5350,24,38,1800,0,0,,0,0,,30,3360,3360,,,,5776745,9634313,885885,8748428,26360,,,8748428,,,54,,,,,,8,,,,,,54,12,0.153846154,167,559,341,,,341,220,,,220,561,,,561,422,0,2,4,133,,0,0,0,30,53,55,72,39,26,47,17,2,,,,,,,,,,,,,0,30,53,55,72,39,26,47,17,2,,28,13,6,17,23,25,19,29,40,20,,,,,,,,,,,,,28,13,6,17,23,25,19,29,40,20,,,,,,,,,,,,,,,,,,,,,,,,,20,45,4.820878569,10.84697678,110,37000,13.98054785,0.307692308,16,-91.362971,45.941814,
-260381,260381,260381,0,University of Wisconsin Extension,,Madison,Wisconsin,53706,55,1,-2,2,,,33248,112163099,61193535,,,,,,,,,,,,,,,,,,,,,,120150094,73922736,28266256,45656480,418983,,,45656480,,,,,,,,,,,,,,,,,,,,,,,,,,,,,,,,,,,,,,,,,,,,,,,,,,,,,,,,,,,,,,,,,,,,,,,,,,,,,,,,,,,,,,,,,,,,,,,,,,,,,,,,,,,,,,,,,,,,,,,,,,,,,,,,,336,67,,,1135,,,0.827586207,,-89.397389,43.074216,
-364168,364168,364168,0,Madison Media Institute,,Madison,Wisconsin,53718,55,3,2,2,420,544,6582760,6594236,6582760,,114,69,82,50,3699,0,0,,0,0,,114,69,5991,0,14257,14257,,,,6524693,2698656,1160104,,,,,,,,171,0,,,,,,,,,,,171,,,207,427,420,,,420,,,,,420,,,420,0,0,0,0,0,0,420,0,,88,125,93,68,19,7,13,3,,4,,,,,,,,,,,,,88,125,93,68,19,7,13,3,,4,,,,,,,,,,,,,,,,,,,,,,,,0,0,0,0,0,0,0,0,,0,,,,,,,,,,,,,,,,,,,,,,,,28,18,6.666666667,4.285714286,77,41141.67857,12.61904762,0.608695652,28,-89.293845,43.059425,
-377634,377634,377634,0,Aurora St. Luke's Medical Center-School of Diagnostic Medical Sonography,,Milwaukee,Wisconsin,53207,55,2,2,2,13,12,31899,31899,31899,,,,,,,,,,,,,,,,150,2000,2000,,,,204605,,,,,,,,,,,,,,,,7,,,,,,,,,,13,13,,,13,,,,,13,,,13,0,0,0,1,12,0,0,0,,,1,6,2,3,,1,,,,,,,,,,,,,,,,,1,6,2,3,,1,,,,,,,,,,,,,,,,,,,,,,,,,,,,0,0,0,0,,0,,,,,,,,,,,,,,,,,,,,,,,,,,,1,2,7.692307692,15.38461538,3,,7.692307692,0.333333333,,-87.912935,42.947143,
2764,383020,383020,1,Midwest College of Oriental Medicine,,Racine,Wisconsin,53403-9747,55,3,2,2,229.654425,352,3601351,3781656,3612679,,,,,,,,,,,,,,,,,,,66,13085,13085,3866223,1327765,338236,,,,,,,,,50,50,2,,,,,15,,,,102,,,,,,201,201,201,,75,75,75,,276,276,276,3,52,18,16,184,,0,3,,,,,,,,,,,,,,1,10,46,44,23,39,37,,1,,,1,10,46,44,23,39,37,,1,,,,,,,,,,,,,,0,2,7,10,13,25,17,,1,,,0,2,7,10,13,25,17,,1,,,,,,,,,,,,,,,,,,,,,,,,5,5,2.177184263,2.177184263,31,42764,2.177184263,0.5,5,-87.857255,42.677279,
-407726,407726,407726,0,Empire Beauty School-Appleton,,Appleton,Wisconsin,54914-4644,55,3,2,2,68.132334,108,886120,1114477,886120,0.002257031,127,97,108,82,8728,0,0,,31,24,100,107,82,13212,,,,,,,1230403,,,,,,,,,,,,,,,5,,36,,,,,,40,0.579710145,,,59,,,59,23,,,23,82,,,82,2,5,4,2,67,0,2,0,,15,5,7,14,8,5,4,1,,0,,,,,,,,,,,,,15,5,7,14,8,5,4,1,,0,,2,7,4,4,1,2,2,0,,1,,,,,,,,,,,,,2,7,4,4,1,2,2,0,,1,,,,,,,,,,,,,,,,,,,,,,,,4,1,5.870927598,1.4677319,10,,11.7418552,0.8,,-88.460702,44.265531,
-407735,407735,407735,0,Empire Beauty School-Green Bay,,Green Bay,Wisconsin,54304-4838,55,3,2,2,92.132334,155,1214434,1553371,1214434,0.002017401,182,97,158,84,8873,1,1,15702,43,23,101,154,82,13979,,,,,,,1339381,,,,,,,,,,,,,,,8,,63,,,,,,70,0.67961165,,,83,,,83,23,,,23,106,,,106,14,1,12,6,57,1,15,0,,7,18,11,21,12,7,6,,,1,,,,,,,,,,,,,7,18,11,21,12,7,6,,,1,,2,7,3,4,3,2,2,,,0,,,,,,,,,,,,,2,7,3,4,3,2,2,,,0,,,,,,,,,,,,,,,,,,,,,,,,5,1,5.426976375,1.085395275,12,,10.85395275,0.833333333,,-88.097904,44.52346,
-408437,408437,408437,0,Aurora St. Luke Medical Center School of Radiologic Technology,,Milwaukee,Wisconsin,53207,55,2,2,2,37,36,78712,78712,78712,,,,,,,,,,,,,,,,200,2000,2000,,,,223342,,,,,,,,,,,,,,,,,15,,,,,,,,,37,37,,,37,,,,,37,,,37,0,0,1,1,35,0,0,0,,,4,17,8,4,2,1,1,,,,,,,,,,,,,,,,4,17,8,4,2,1,1,,,,,,,,,,,,,,,,,,,,,,,,,,,0,0,0,0,0,0,0,,,,,,,,,,,,,,,,,,,,,,,,,,5,1,13.51351351,2.702702703,6,,13.51351351,0.833333333,,-87.912935,42.947143,
-413617,413617,413617,0,College of Menominee Nation,,Keshena,Wisconsin,54135-1179,55,2,2,2,465.214246,442,3757789,14306538,4456559,0.256114965,117,98,114,96,6535,97,82,1304,42,35,760,0,0,,80,5520,5520,,,,14455899,12362078,2128727,10233351,761870,,,10233351,,1442415,36,,,,,,72,,,,,,36,,,224,634,356,,,356,278,,,278,634,,,634,465,1,8,6,154,,0,0,1,70,42,55,63,46,30,31,17,1,,,,,,,,,,,,,1,70,42,55,63,46,30,31,17,1,,45,10,15,28,38,39,30,46,26,1,,,,,,,,,,,,,45,10,15,28,38,39,30,46,26,1,,,,,,,,,,,,,,,,,,,,,,,,,28,23,6.018732281,4.943958659,159,50348.10714,26.86934054,0.549019608,28,-88.626543,44.858066,
-436021,436021,436021,0,Montessori Institute of Milwaukee,,Milwaukee,Wisconsin,53207-3074,55,2,2,2,31,54,436499,448295,444328,,,,,,,,,,,,,,,,,,,300,8750,8750,410685,,,,,,,,,,,,,,,,,,21,,,,,,,,,,31,31,31,,,,,,31,31,31,0,0,1,1,26,0,0,3,,,,,,,,,,,,,,,2,9,9,4,4,3,,,,,,2,9,9,4,4,3,,,,,,,,,,,,,,,,,,,,,,,,,,,,0,0,0,0,0,0,,,,,,,,,,,,,,,,,,,,,,,,,,1,2,3.225806452,6.451612903,4,,6.451612903,0.333333333,,-87.870777,42.98683,
-440165,440165,440165,0,ITT Technical Institute-Green Bay,,Green Bay,Wisconsin,54313,55,3,2,-1,887.964253,960,17941652,17912193,17941652,0.001641934,123,92,102,77,4531,0,0,,17,13,1829,117,88,11100,300,16848,16848,,,,7603113,3989570,2560389,,,,,,,,142,106,,,,,,,,,,,248,4,0.285714286,173,1027,798,,,798,229,,,229,1027,,,1027,59,17,24,27,830,5,64,1,,63,152,150,190,108,58,58,19,0,,,,,,,,,,,,,,63,152,150,190,108,58,58,19,0,,,2,13,43,58,50,23,33,6,1,,,,,,,,,,,,,,2,13,43,58,50,23,33,6,1,,377,282,95,210,154,56,210,154,56,377,210,171,39,,,,,,,,,,,15,50,1.689257191,5.630857304,108,47986.86667,5.856091597,0.230769231,15,-88.102025,44.557309,
-440457,440457,440457,0,University of Phoenix-Milwaukee Campus,,Brookfield,Wisconsin,53045-3573,55,3,2,-1,653,529,5716254,5933900,5717022,0.033500436,337,88,303,79,4124,0,0,,121,32,188,332,86,9701,600,9528,9528,760,12522,12522,10969450,,,,,,,,,,,129,17,,,,,,,,,,146,18,0.096256684,,,606,47,47,653,,,,,606,47,47,653,5,6,140,21,172,,297,12,,51,48,86,115,110,83,90,23,,,,,,5,9,10,10,8,5,,,,51,48,91,124,120,93,98,28,,,,,,,,,,,,,,,,,,,,,,,,,,0,0,0,0,0,0,0,0,,,,,,,,,,,,,,,,,,,,,,,,,,10,130,1.531393568,19.90811639,193,36371.8,9.494640123,0.071428571,10,-88.162948,43.031708,
-444608,444608,444608,0,Paul Mitchell The School-Monroe,,Monroe,Wisconsin,53566,55,3,2,2,21,75,256861,347879,256861,,30,94,24,75,5924,0,0,,0,0,,30,94,10453,,,,,,,337514,,,,,,,,,,,,,,,1,,2,,,,,,16,0.551724138,,,21,,,21,,,,,21,,,21,2,0,0,0,19,0,0,0,,3,3,2,3,,,,,,10,,,,,,,,,,,,,3,3,2,3,,,,,,10,,,,,,,,,,,,,,,,,,,,,,,,0,0,0,0,,,,,,0,,,,,,,,,,,,,,,,,,,,,,,,3,,14.28571429,,11,,19.04761905,1,,-89.661419,42.601125,
-446057,446057,446057,0,Blue Sky School of Professional Massage and Therapeutic Bodywork,,Grafton,Wisconsin,53024,55,2,2,2,141.588232,128,1301051,1528711,1306884,,27,40,15,22,3617,0,0,,0,0,,25,37,5558,,,,,,,1354919,,,,,,,,,,,,,,,67,,,,,,,,,,,,140,,,140,4,,,4,144,,,144,1,1,2,2,137,1,0,0,,18,20,24,19,15,16,22,6,,,,,,,,,,,,,,,18,20,24,19,15,16,22,6,,,,1,1,0,1,0,1,0,0,,,,,,,,,,,,,,,1,1,0,1,0,1,0,0,,,,,,,,,,,,,,,,,,,,,,,,,,1,21,0.706273386,14.8317411,34,,4.9439137,0.045454545,,-87.924273,43.288154,
-448558,448558,448558,0,University of Phoenix-Madison Campus,,Madison,Wisconsin,53718-2416,55,3,2,2,168,171,1601681,1660010,1601900,0.045537782,140,94,119,80,3955,0,0,,68,46,158,139,93,9902,600,8328,8328,760,12360,12360,3549351,,,,,,,,,,,13,11,,,,,,,,,,24,,,,,151,17,17,168,,,,,151,17,17,168,1,3,23,7,65,,65,4,,1,12,25,49,23,14,21,5,1,,,,1,2,3,3,4,4,,,,,1,13,27,52,26,18,25,5,1,,,,,,,,,,,,,,,,,,,,,,,,,0,0,0,0,0,0,0,0,0,,,,,,,,,,,,,,,,,,,,,,,,,2,59,1.19047619,35.11904762,84,40444,14.88095238,0.032786885,2,-89.289967,43.130843,
-448655,448655,448655,0,Kaplan College,,Milwaukee,Wisconsin,53212,55,3,2,2,746,1120,12861683,9759772,13036374,0.013582282,609,87,546,78,3836,11,2,10159,232,33,202,598,85,9577,,,,,,,7692669,4479061,1890766,,,,,,,,,,,,,532,11,,,,,,,316,0.413612565,,,746,,,746,,,,,746,,,746,2,18,292,23,85,5,310,11,1,116,108,136,147,91,48,73,25,,1,,,,,,,,,,,,1,116,108,136,147,91,48,73,25,,1,,,,,,,,,,,,,,,,,,,,,,,0,0,0,0,0,0,0,0,0,,0,,,,,,,,,,,,,,,,,,,,,,,,20,9,2.680965147,1.206434316,75,33621.7,8.310991957,0.689655172,20,-87.911761,43.052556,
-448789,448789,448789,0,Sanford-Brown College,,West Allis,Wisconsin,53214,55,3,2,2,963.45573,1734,15408518,16577032,15408518,0.019391158,184,97,164,87,4987,1,1,2840,21,11,1550,179,95,11852,100,10594,10594,,,,13920275,6214016,3165327,,,,,,,,87,,,,,,468,,,,,,87,62,0.410596026,301,1153,890,,,890,185,,,185,1075,,,1075,16,18,371,92,227,21,330,0,,83,143,168,193,96,81,91,22,0,13,,,,,,,,,,,,,83,143,168,193,96,81,91,22,0,13,,22,42,40,39,15,10,13,2,1,1,,,,,,,,,,,,,22,42,40,39,15,10,13,2,1,1,,,,,,,,,,,,,,,,,,,,,,,,22,58,2.2834469,6.019996373,141,34452.45455,8.511029355,0.275,22,-87.996342,43.021178,
-448798,448798,448798,0,Empire Beauty School-Milwaukee,,Milwaukee,Wisconsin,53221,55,3,2,2,194.926394,292,2446035,3012826,2446035,0.002916148,368,99,352,95,9359,2,1,10000,99,27,101,350,95,12849,,,,,,,2093856,,,,,,,,,,,,,,,0,,67,,,,,,46,0.442307692,,,158,,,158,93,,,93,251,,,251,3,3,164,38,24,0,19,0,,28,35,30,28,23,6,7,1,,,,,,,,,,,,,,,28,35,30,28,23,6,7,1,,,,17,17,23,20,7,5,4,0,,,,,,,,,,,,,,,17,17,23,20,7,5,4,0,,,,,,,,,,,,,,,,,,,,,,,,,,6,5,3.078084951,2.565070793,19,,6.669184061,0.545454545,,-87.949256,42.942074,
-449852,449852,449852,0,Academy of Cosmetology,,Janesville,Wisconsin,53548,55,3,2,2,49,49,363956,469939,363956,,41,73,36,64,4235,0,0,,0,0,,34,61,7054,,,,,,,478410,,,,,,,,,,,,,,,0,,15,,,,,,34,1,,,49,,,49,,,,,49,,,49,0,0,7,2,39,1,0,0,,5,10,9,10,8,4,3,,,,,,,,,,,,,,,,5,10,9,10,8,4,3,,,,,,,,,,,,,,,,,,,,,,,,,,,0,0,0,0,0,0,0,,,,,,,,,,,,,,,,,,,,,,,,,,,4,1,8.163265306,2.040816327,10,,18.36734694,0.8,,-89.048436,42.679305,
-449861,449861,449861,0,Milwaukee Career College,,Milwaukee,Wisconsin,53222,55,3,2,2,198,500,8030276,8078989,8054417,,649,100,649,100,2140,46,7,8944,0,0,,649,100,3781,,,,,,,7065313,,,,,,,,,,,,,,,377,,,,,,,,,,,,198,,,198,,,,,198,,,198,4,2,150,16,20,1,5,0,,15,32,30,46,24,13,20,13,2,3,,,,,,,,,,,,,15,32,30,46,24,13,20,13,2,3,,,,,,,,,,,,,,,,,,,,,,,,0,0,0,0,0,0,0,0,0,0,427,39,388,281,27,254,250,22,228,427,281,250,0,,,,,,,,,,,8,12,4.04040404,6.060606061,44,,16.16161616,0.4,,-88.048039,43.074332,
-450155,450155,450155,0,High-Tech Institute-Brookfield,,Brookfield,Wisconsin,53005,55,3,2,2,342,645,4668389,4693314,4674074,,221,97,176,78,4055,0,0,,0,0,,207,91,6648,,,,,,,4616659,,,,,,,,,,102,,,,,53,51,,,,,,102,146,0.406685237,,,342,,,342,,,,,342,,,342,4,13,119,32,168,3,2,1,,37,59,61,53,45,35,39,13,,,,,,,,,,,,,,,37,59,61,53,45,35,39,13,,,,,,,,,,,,,,,,,,,,,,,,,,0,0,0,0,0,0,0,0,,,,,,,,,,,,,,,,,,,,,,,,,,9,7,2.631578947,2.046783626,45,28208.77778,11.11111111,0.5625,9,-88.114801,43.026841,
-450571,450571,450571,0,Rasmussen College-Green Bay,,Green Bay,Wisconsin,54303-2349,55,3,2,2,533.249678,831,14766783,13184584,14766783,0.107145815,53,100,45,85,3274,11,21,4863,53,100,1135,44,83,6959,60,13140,13140,,,,14778645,7315277,1780745,,,,,,,,110,1,,,,0,7,,,,,,111,,,265,766,378,,,378,391,,,391,769,,,769,57,9,21,19,657,2,1,3,0,11,55,50,113,67,33,39,8,,2,,,,,,,,,,,,0,11,55,50,113,67,33,39,8,,2,4,25,30,29,100,66,46,66,24,,1,,,,,,,,,,,,4,25,30,29,100,66,46,66,24,,1,,,,,,,,,,,,,,,,,,,,,,,,7,33,1.312705903,6.188470685,74,40312.71429,7.688706002,0.175,7,-88.07839,44.525964,
-450650,450650,450650,0,The Institute of Beauty and Wellness,,Milwaukee,Wisconsin,53202,55,3,2,2,114.76464,167,1516415,2400066,1517009,,93,69,46,34,6364,0,0,,0,0,,92,69,10740,,,,,,,2029054,,,,,,,,,,,,,,,85,,41,,,,,,78,0.928571429,,,83,,,83,80,,,80,163,,,163,0,2,11,15,135,0,0,0,,14,22,26,13,1,3,4,0,,,,,,,,,,,,,,,14,22,26,13,1,3,4,0,,,,6,13,17,26,10,2,4,2,,,,,,,,,,,,,,,6,13,17,26,10,2,4,2,,,,,,,,,,,,,,,,,,,,,,,,,,9,13,7.842136742,11.32753085,41,,14.81292496,0.409090909,,-87.90878,43.034809,
-451653,451653,451653,0,Wisconsin Academy,,Peshtigo,Wisconsin,54157,55,3,2,2,25,46,498263,622856,498263,,24,96,20,80,4476,0,0,,0,0,,20,80,3409,,,,,,,313962,,,,,,,,,,,,,,,,25,,,,,,,19,0.95,,,25,,,25,,,,,25,,,25,0,0,0,0,25,0,0,0,,2,2,5,9,2,2,3,,,,,,,,,,,,,,,,2,2,5,9,2,2,3,,,,,,,,,,,,,,,,,,,,,,,,,,,0,0,0,0,0,0,0,,,,,,,,,,,,,,,,,,,,,,,,,,,1,4,4,16,10,,20,0.2,,-87.730129,45.053119,
-451750,451750,451750,0,Bryant and Stratton College-Wauwatosa,,Wauwatosa,Wisconsin,53226,55,3,2,2,586.714224,832,11528819,11085337,11528819,0.038467253,79,100,69,87,2789,0,0,,38,48,1142,78,99,4655,0,14670,14670,,,,8053514,6427447,81701,,,,,,,,189,26,,,,,,,,,,,215,2,0.4,311,845,417,,,417,432,,,432,849,,,849,5,17,343,45,385,0,54,0,1,52,51,69,99,68,40,28,9,,,,,,,,,,,,,,1,52,51,69,99,68,40,28,9,,,0,9,32,70,125,81,56,47,12,,,,,,,,,,,,,,0,9,32,70,125,81,56,47,12,,,,,,,,,,,,,,,,,,,,,,,,,,25,65,4.261018223,11.07864738,144,53442.96,12.44217321,0.277777778,25,-88.050509,43.040929,
-451981,451981,451981,0,ITT Technical Institute_adison,,Madison,Wisconsin,53713,55,3,2,2,273.535705,357,4170223,4158242,4170223,0.002872988,76,99,60,78,5602,0,0,,18,23,1961,72,94,10619,300,16848,16848,,,,3648928,724403,649884,,,,,,,,4,0,,,,,,,,,,,4,,,99,313,248,,,248,65,,,65,313,,,313,4,12,70,11,214,0,2,0,,13,30,40,79,43,11,24,8,,,,,,,,,,,,,,,13,30,40,79,43,11,24,8,,,,0,2,12,15,16,2,16,2,,,,,,,,,,,,,,,0,2,12,15,16,2,16,2,,,200,146,54,84,60,24,84,60,24,200,84,66,18,,,,,,,,,,,3,26,1.09674896,9.505157654,51,40091.66667,8.042825707,0.103448276,3,-89.379542,43.036958,
-454537,454537,454537,0,The Salon Professional Academy,,Appleton,Wisconsin,54915,55,3,2,2,87,113,878231,1237154,878231,,62,97,43,67,5358,0,0,,0,0,,56,88,7940,,,,,,,1003241,,,,,,,,,,,,,,,12,,59,,,,,,52,0.896551724,,,87,,,87,,,,,87,,,87,0,1,1,1,84,0,0,0,,30,28,9,7,6,3,2,,,2,,,,,,,,,,,,,30,28,9,7,6,3,2,,,2,,,,,,,,,,,,,,,,,,,,,,,,0,0,0,0,0,0,0,,,0,,,,,,,,,,,,,,,,,,,,,,,,8,1,9.195402299,1.149425287,15,,16.09195402,0.888888889,,-88.360381,44.258264,
-455415,455415,455415,0,Visions in Hair Design Institute of Cosmetology,,Milwaukee,Wisconsin,53210,55,3,2,2,9,5,23814,24201,23814,,7,100,5,71,5931,0,0,,0,0,,4,57,2781,,,,,,,57081,,,,,,,,,,,,,,,,,4,,,,,,,,,,9,,,9,,,,,9,,,9,0,0,8,1,0,0,0,0,,,3,1,,1,2,1,,,1,,,,,,,,,,,,,,3,1,,1,2,1,,,1,,,,,,,,,,,,,,,,,,,,,,,,,0,0,,0,0,0,,,0,,,,,,,,,,,,,,,,,,,,,,,,1,1,11.11111111,11.11111111,3,,11.11111111,0.5,,-88.002525,43.075275,
-455424,455424,455424,0,PC ProSchools,,Brookfield,Wisconsin,53005,55,3,2,2,51,69,15780966,8566322,15798722,0.458298941,315,100,0,0,,0,0,,315,100,12600,315,100,14923,,,,,,,1492439,,,,,,,,,,,,,,,93,,,,,,,,,,,,51,,,51,,,,,51,,,51,0,2,4,2,43,0,0,0,,,5,7,14,10,4,8,3,,,,,,,,,,,,,,,,5,7,14,10,4,8,3,,,,,,,,,,,,,,,,,,,,,,,,,,,0,0,0,0,0,0,0,,,,,,,,,,,,,,,,,,,,,,,,,,10,,19.60784314,,55,,96.07843137,1,,-88.109187,43.036168,
